Bairro,Bairros_Ab,Cod_Bairro,Unidade_Ad,Codigo_UA,Regiao,Populacao_,Mulheres_2,Homens_201,Domicilios,Densidade_,Populaca_1,Densidad_1,Area_km2
PARQUE FRANCISCO RIZZO,PQ FCO RIZZO,512,CENTRO,5,CENTRO,23,10,13,6,44.68653398710314,25,49,0.514696440915242
VILA BONFIM,VL BONFIM,503,CENTRO,5,CENTRO,554,285,269,141,1379.3370954784978,598,1489,0.401642210461842
JARDIM NOVO EMBU,JD N EMBU,508,CENTRO,5,CENTRO,1637,892,745,468,8883.983090610078,1767,9589,0.184264195834662
CENTRO,CENTRO,509,CENTRO,5,CENTRO,954,502,452,318,2535.44287191548,1029,2735,0.376265626241174
CERCADO GRANDE,CERCADO GDE,506,CENTRO,5,CENTRO,1283,684,599,393,5237.705553807337,1386,5658,0.244954586854806
EMBUEMA,EMBUEMA,507,CENTRO,5,CENTRO,642,341,301,204,3632.4602517019093,692,3915,0.176739717853542
AGUA MORNA,AGUA MORNA,504,CENTRO,5,CENTRO,146,76,70,40,539.3136813179412,158,584,0.270714437733555
TINGIDOR,TINGIDOR,510,CENTRO,5,CENTRO,180,102,78,53,343.46699060450555,194,370,0.524067828710986
MARIA AUXILIADORA,M AUXILIADORA,511,CENTRO,5,CENTRO,2399,1266,1133,720,7930.133329640368,2591,8565,0.302516981780531
JARDIM LAVORATO,JD LAVORATO,1201,PARQUE INDUSTRIAL,12,CENTRO,910,449,461,277,5734.115720317842,982,6188,0.158699273677992
COOPERATIVA,COOPERATIVA,1208,PARQUE INDUSTRIAL,12,CENTRO,41,23,18,13,53.34365710393366,45,59,0.768601221324523
JARDIM SADIE,JD SADIE,1204,PARQUE INDUSTRIAL,12,CENTRO,1638,860,778,512,3507.4512032342486,1768,3786,0.467005784282783
GRAMADO,GRAMADO,1202,PARQUE INDUSTRIAL,12,CENTRO,674,351,323,206,619.3691515152161,728,669,1.088204019123548
JARDIM MAGALY,JD MAGALY,1205,PARQUE INDUSTRIAL,12,CENTRO,2498,1275,1223,713,5064.048624423084,2696,5465,0.493281203492508
JARDIM PINHEIROS,JD PINHEIROS,701,PINHEIRINHO,7,CENTRO,1257,645,612,367,4723.406364384427,1357,5099,0.266121502794693
PARQUE INDUSTRIAL DO PINHEIRINHO,PQ IND PINHEIRINHO,704,PINHEIRINHO,7,CENTRO,42,20,22,12,122.35526036085196,46,134,0.343262724268111
JARDIM SANTO ANTONIO,JD STO ANTONIO,702,PINHEIRINHO,7,CENTRO,4087,2077,2010,1138,7231.683982432,4412,7807,0.565151907899818
AGUA ESPRAIADA,AGUA ESPRAIADA,1504,ENGENHO VELHO,15,CENTRO,290,159,131,75,299.4197849576217,313,323,0.968539871341652
CHACARAS LIDIA,CH LIDIA,1503,ENGENHO VELHO,15,CENTRO,338,175,163,104,450.62326404565795,365,487,0.750072237650281
JARDIM SAO LUIZ,JD SAO LUIZ,1802,CASTILHO,18,LESTE,4213,2170,2043,1244,16537.023446986448,4441,17432,0.254761687525317
VILA PEREQUE,VLPEREQUE,1803,CASTILHO,18,LESTE,2119,1093,1026,563,23024.787170852043,2234,24274,0.092031252418373
JARDIM DO COLEGIO,JD DO COLEGIO,300,COLEGIO SAO MARCOS,3,LESTE,6705,3297,3408,1881,17746.154000301125,7070,18712,0.377828345222645
JARDIM SAO MARCOS,JD S MARCOS,302,COLEGIO SAO MARCOS,3,LESTE,9246,4754,4495,2651,12023.609281450099,9749,12678,0.768987063997882
JARDIM DOM JOSE,JD DJOSE,201,DOM JOSE SANTO EDUARDO,2,LESTE,5339,2786,2553,1558,16666.355477425284,5631,17578,0.320345981293374
JARDIM INDEPENDENCIA,JD INDEPENDENCIA,1001,INDEPENDENCIA CASA BRANCA,10,LESTE,1616,855,761,486,14222.014223099588,1703,14988,0.113626661782919
JARDIM MARINA,JD MARINA,1006,INDEPENDENCIA CASA BRANCA,10,LESTE,1704,867,837,503,23876.258078786926,1796,25165,0.071367967056527
JARDIM VITORIA,JD VITORIA,1003,INDEPENDENCIA CASA BRANCA,10,LESTE,1759,888,871,514,7487.284801493706,1857,7904,0.234931626969643
JARDIM NAYARA,JD NAYARA,401,NOSSA SENHORA DE FATIMA,4,LESTE,1071,537,534,308,13728.457470641484,1129,14472,0.078013134563031
JARDIM NOSSA SENHORA DE FATIMA,JD NS FATIMA,400,NOSSA SENHORA DE FATIMA,4,LESTE,6557,3294,3263,1802,19699.73083686223,6914,20772,0.332847187319459
PARQUE PIRAJUSSARA,PQ PIRAJUSSARA,1902,PIRAJUSSARA,19,LESTE,8355,4389,3966,2368,9517.466776112553,8809,10035,0.87785964443499
PARANAPANEMA,PARANAPANEMA,804,SANTA EMILIA,8,LESTE,1048,513,535,301,23892.732506401997,1105,25192,0.043862710124059
JARDIM SANTA EMILIA,JD STA EMILIA,801,SANTA EMILIA,8,LESTE,3174,1647,1527,843,25137.550704961828,3346,26500,0.126265284842309
JARDIM NOVO CAMPO LIMPO,JD N C LIMPO,800,SANTA EMILIA,8,LESTE,5630,2895,2735,1564,25201.855285826383,5935,26567,0.223396251432581
JARDIM SANTA TEREZA,JD STA TEREZA,1102,SANTA TEREZA,11,LESTE,8459,4467,3992,2538,22299.218115252606,8921,23517,0.379340654738655
JARDIM LAILA,JD LAILA,1104,SANTA TEREZA,11,LESTE,2085,1051,1034,594,23121.973241255462,2199,24386,0.090173964749679
VILA REGINA,VLREGINA,1103,SANTA TEREZA,11,LESTE,2942,1487,1455,822,17913.61022298896,3103,18894,0.164232667975798
JARDIM TAIMA,JD TAIMA,200,DOM JOSE SANTO EDUARDO,2,LESTE,607,314,293,168,14777.634267120604,640,15581,0.041075586865114
JARDIM JUREMA,JD JUREMA,101,VAZAME,1,LESTE,1588,818,770,448,15014.518267068646,1675,15837,0.10576429904401
JARDIM VALO VERDE,JD V VERDE,100,VAZAME,1,LESTE,8341,4315,4023,2403,23605.356777338027,8795,24890,0.353351998814424
PONTA PORA,P PORA,901,CAPUAVA ITATUBA,9,OESTE,406,206,200,113,7594.105989992772,462,8642,0.053462514288714
CHACARAS SAO CRISTOVAO,CH S CRISTOVAO,908,CAPUAVA ITATUBA,9,OESTE,196,96,100,56,533.5741993668876,223,607,0.367334103171712
CAMINHO DO INDIO,CAM INDIO,917,CAPUAVA ITATUBA,9,OESTE,131,69,62,43,128.4009491139273,150,147,1.020241679707263
CHACARAS BARTIRA,CH BARTIRA,913,CAPUAVA ITATUBA,9,OESTE,449,237,212,129,314.91670696541485,511,358,1.425773831838368
JARDIM INDAIA,JD INDAIA,904,CAPUAVA ITATUBA,9,OESTE,793,379,414,230,560.1356748218295,902,637,1.415728430888179
INVERNADA,INVERNADA,909,CAPUAVA ITATUBA,9,OESTE,133,63,70,35,175.4254835537674,152,200,0.758156667467506
CHACARAS ANA LUCIA,CH ANA LUCIA,914,CAPUAVA ITATUBA,9,OESTE,1153,613,540,332,607.8736005811154,1311,691,1.89677590686247
PEROVE,PEROVE,907,CAPUAVA ITATUBA,9,OESTE,210,103,107,58,206.40884508957015,239,235,1.017398260761895
CAPUAVA,CAPUAVA,903,CAPUAVA ITATUBA,9,OESTE,594,290,304,181,525.3097461281253,676,598,1.130761430523927
PEDREIRA,PEDREIRA,916,CAPUAVA ITATUBA,9,OESTE,6,2,4,2,4.951495911363253,7,6,1.21175501452612
JARDIM SANTA LUZIA,JD STA LUZIA,1606,TOME,16,OESTE,3165,1594,1571,883,14516.380362222013,3602,16521,0.218029558404016
JARDIM SILVIA,JD SILVIA,505,CENTRO,5,CENTRO,4402,2268,2134,1297,14347.823749894087,4755,15498,0.306806110580533
PRADO RANGEL,P RANGEL,1605,TOME,16,OESTE,73,38,35,19,185.2527667483419,84,213,0.394056192959144
ESTANCIA DE EMBUARAMA,EMBUARAMA,1607,TOME,16,OESTE,342,179,163,94,1926.3384354419802,389,2191,0.177538896440869
CHACARAS AURORA,CH AURORA,1303,RESSACA,13,OESTE,230,118,112,61,127.92560014253678,262,146,1.797920039020573
VOTORANTIM,VOTORANTIM,1302,RESSACA,13,OESTE,130,65,65,40,123.0826342856077,148,140,1.056200988502902
ENGENHO VELHO,ENG VELHO,1501,ENGENHO VELHO,15,CENTRO,2199,1155,1044,668,7734.057423301611,2374,8350,0.284326826094506
PARQUE LUIZA,PQ LUIZA,402,NOSSA SENHORA DE FATIMA,4,LESTE,2426,1270,1156,734,20911.898169318632,2557,22041,0.11601051135374
BOSQUE DO EMBU,B EMBU,911,CAPUAVA ITATUBA,9,OESTE,158,83,75,44,459.0753501463614,181,526,0.344170080030711
VILA REAL,VL REAL,1603,TOME,16,OESTE,941,466,475,262,479.5489899453361,1072,546,1.962260414952109
VALE DO SOL,VALE DO SOL,910,CAPUAVA ITATUBA,9,OESTE,559,289,270,159,499.3799030495224,637,569,1.119388258490981
JARDIM RECANTO DA FONTE,JD REC FONTE,1608,TOME,16,OESTE,496,256,240,139,2582.39018144032,564,2936,0.19207012308394
QUINHAU,QUINHAU,1502,ENGENHO VELHO,15,CENTRO,1,0,1,1,3.679216939150511,1,4,0.271796965642066
JARDIM ELISA,JD ELISA,1203,PARQUE INDUSTRIAL,12,CENTRO,81,44,37,23,1102.021430252411,88,1197,0.073501292966188
JARDIM PRESIDENTE KENNEDY,JD PRES KENNEDY,802,SANTA EMILIA,8,LESTE,2851,1477,1378,853,14020.321769359209,3006,14783,0.203347686800651
JARDIM DE LOURDES,JD DE LOURDES,502,CENTRO,5,CENTRO,1637,838,799,498,9087.535688716092,1768,9815,0.180136844142758
JARDIM SANTA MARIA,JD STA MARIA,501,CENTRO,5,CENTRO,656,324,332,188,1308.0014843789772,708,1412,0.501528482830018
CHACARAS CAXINGUI,CH CAXINGUI,303,COLEGIO SAO MARCOS,3,LESTE,3002,1523,1479,784,11405.184986416221,3166,12028,0.263213617628775
PARQUE DAS CHACARAS,PQ CHACARAS,305,COLEGIO SAO MARCOS,3,LESTE,1393,706,687,371,9099.007894020468,1469,9595,0.153093613746113
JARDIM DA LUZ,JD DA LUZ,2000,ANGELA BATISTA,20,LESTE,7899,4003,3896,2107,5627.078443493232,8329,5933,1.403747980292307
JARDIM SANTA BARBARA,JD STA BARBARA,1200,PARQUE INDUSTRIAL,12,CENTRO,17,9,8,4,11.356744998235706,19,13,1.496907784989536
JARDIM TOME,JD TOME,1602,TOME,16,OESTE,1021,518,503,321,10170.745554951953,1162,11575,0.100385954449809
MOINHO VELHO,M VELHO,1604,TOME,16,OESTE,230,117,113,77,236.53840855801343,262,269,0.972357941368284
JARDIM FERREIRA,JD FERREIRA,500,CENTRO,5,CENTRO,197,101,96,59,297.94675092664784,213,322,0.661191972684071
JARDIM VISTA ALEGRE,JD V ALEGRE,601,VISTA ALEGRE,6,CENTRO,11311,5748,5563,3276,6673.589682017281,12212,7205,1.694889937641616
JARDIM MIMAS,JD MIMAS,600,VISTA ALEGRE,6,CENTRO,3732,1881,1851,1028,2229.153926558996,4030,2407,1.674177792540712
ESPLANADA,ESPLANADA,1700,OLIVEIRAS,17,CENTRO,4682,2359,2323,1087,10012.20620025271,5053,10806,0.467629202431111
JARDIM DOS OLIVEIRAS,JD DOS OLIVEIRAS,1701,OLIVEIRAS,17,CENTRO,106,58,48,33,162.07196977342522,115,176,0.654030429494914
JARDIM CASTILHO,JD CASTILHO,1800,CASTILHO,18,LESTE,2895,1464,1431,694,12258.692290441999,3052,12923,0.236158958183265
JARDIM FLORIDA,JD FLORIDA,1801,CASTILHO,18,LESTE,4091,2136,1955,1198,21652.17130883079,4314,22832,0.188941789793225
SANTA ROSA,STA ROSA,1101,SANTA TEREZA,11,LESTE,2000,1029,971,611,43505.30559191928,2108,45855,0.045971404470987
JARDIM CASA BRANCA,JD C BRANCA,1000,INDEPENDENCIA CASA BRANCA,10,LESTE,6586,3372,3214,1962,23279.544785572496,6944,24545,0.282909312044696
JARDIM FABIANA,JD FABIANA,1002,INDEPENDENCIA CASA BRANCA,10,LESTE,2123,1112,1011,628,20142.164150277662,2238,21233,0.105400789317405
JARDIM JULIA,JD JULIA,1005,INDEPENDENCIA CASA BRANCA,10,LESTE,5655,2913,2742,1655,16982.681180255167,5964,17911,0.332986289972561
JARDIM SANTO EDUARDO,JD STO EDUARDO,202,DOM JOSE SANTO EDUARDO,2,LESTE,11881,6174,5707,3393,17270.584376636296,12530,18214,0.687932715008339
JARDIM ANGELA,JD ANGELA,2001,ANGELA BATISTA,20,LESTE,5732,2969,2763,1583,16723.289790793813,6043,17631,0.342755526676065
JARDIM SANTA RITA,JD STA RITA,2003,ANGELA BATISTA,20,LESTE,846,439,407,238,4713.154762770173,893,4975,0.179497606716135
JARDIM PINHEIRINHO,JD PINHEIRINHO,705,PINHEIRINHO,7,CENTRO,6800,3452,3348,1884,8316.352064646351,7341,8978,0.817666201134928
JARDIM SANTA CLARA,JD STA CLARA,1402,SANTA CLARA,14,CENTRO,2891,1491,1400,781,15673.04860521065,3121,16920,0.184456774991361
MARIA IMACULADA,M IMACULADA,1401,SANTA CLARA,14,CENTRO,36,20,16,11,38.58968549616129,39,42,0.932891769837852
PINDORAMA,PINDORAMA,1305,RESSACA,13,OESTE,75,42,33,24,70.36255570068857,85,80,1.06590784335689
EMBU COLONIAL,EMBU COLONIAL,1304,RESSACA,13,OESTE,498,249,249,162,339.01055972633924,567,386,1.4689807904568
JARDIM ITATIAIA,JD ITATIAIA,1301,RESSACA,13,OESTE,215,109,106,61,180.0157876057849,245,205,1.194339690198877
RESSACA,RESSACA,1300,RESSACA,13,OESTE,241,116,125,72,241.14427173909718,274,274,0.999401720231392
ITATUBA,ITATUBA,915,CAPUAVA ITATUBA,9,OESTE,114,54,60,32,56.73921400749781,130,65,2.009192442900874
JARDIM DOS IPES,JD DOS IPES,906,CAPUAVA ITATUBA,9,OESTE,324,161,163,106,308.96014607838185,368,351,1.048678944881786
PARQUE DOS CAETES,PQ CAETES,905,CAPUAVA ITATUBA,9,OESTE,90,43,47,27,178.8012731060831,102,203,0.503352120689895
MARANHAO,MARANHAO,902,CAPUAVA ITATUBA,9,OESTE,23,10,13,8,81.61415176819565,26,92,0.281813870532229
BOSQUE CAPUAVA,BOSQUE CAPUAVA,900,CAPUAVA ITATUBA,9,OESTE,55,11,44,7,41.17483920195005,62,46,1.335767207984511
JARDIM COLIBRI,JD COLIBRI,1600,TOME,16,OESTE,353,182,171,118,511.9211030041497,402,583,0.689559383132401
MOINHO REAL,M REAL,1601,TOME,16,OESTE,18,8,10,5,14.787892681670165,21,17,1.217211971135772
JARDIM EMILIO CARLOS,JD E CARLOS,803,SANTA EMILIA,8,LESTE,1877,965,908,475,17764.145470574913,1980,18739,0.105662273657302
JARDIM IRENE,JD IRENE,805,SANTA EMILIA,8,LESTE,2332,1221,1111,649,28466.8348452145,2459,30017,0.081919890731794
JARDIM SAO VICENTE,JD S VICENTE,103,VAZAME,1,LESTE,3999,2067,1932,1134,19960.77158737322,4218,21054,0.200342956808828
JARDIM VAZAME,JD VAZAME,102,VAZAME,1,LESTE,3028,1609,1419,850,21378.012129037936,3192,22536,0.141640858921913
PARQUE SAO LEONARDO-ITATUBA,PQ S LEONARDO-ITATUBA,912,CAPUAVA ITATUBA,9,OESTE,1587,812,775,472,3455.1879603503585,1807,3934,0.459309310582072
VILA ISIS CRISTINA,VL I CRISTINA,1901,PIRAJUSSARA,19,LESTE,2682,1391,1291,712,3537.680435342673,2827,3729,0.758123874956561
JARDIM DOS MORAES,JD DOS MORAES,301,COLEGIO SAO MARCOS,3,LESTE,1873,962,911,543,9022.11200668195,1977,9523,0.207601058223709
JARDIM BATISTA,JD BATISTA,2002,ANGELA BATISTA,20,LESTE,1293,664,629,345,769.5436388193489,1363,811,1.680216604718804
GRANJA NOSSA SENHORA APARECIDA,GJ NS APARECIDA,1206,PARQUE INDUSTRIAL,12,CENTRO,115,55,60,32,180.38785949579827,124,195,0.637515187116452
EMBU MIRIM,EMBU-MIRIM,700,PINHEIRINHO,7,CENTRO,11,6,5,2,7.208201925514979,12,8,1.526039380370733
PATAXOS,PATAXOS,1207,PARQUE INDUSTRIAL,12,CENTRO,0,0,0,0,0.0,0,0,0.685733811073468
QUINTA DO MORRO,QUINTA DO MORRO,703,PINHEIRINHO,7,CENTRO,219,105,114,50,169.03561328181073,236,182,1.295584970220981
JARDIM SAO FRANCISCO,JD S FRANCISCO,304,COLEGIO SAO MARCOS,3,LESTE,3305,1688,1617,884,1006.9429401171761,3486,1062,3.282211800020568
VILA OLINDA,V OLINDA,1100,SANTA TEREZA,11,LESTE,4208,2227,1981,3914,19102.076946148107,4437,20142,0.220290181631193
