id,nome,endereco,bairro,latitude,longitude,status_geocodificacao,endereco_encontrado
CONV-01,ANDREA MARIA,ESTRADA DOS ORQUIDÓFILOS n° 1075 - ENGENHO VELHO - CEP: 06843-150,,"-23,6621347","-46,8592768",VALIDADO,"Estr. dos Orquidófilos, 1075 - Chácaras Marajuara, Embu das Artes - SP, 06843-460, Brasil"
CONV-02,ASMOREJI,"RUA JAÇANÃ, 138, JARDIM FABIANA, EMBU DAS ARTES , SP, CEP 06820-020",Jardim Fabiana,"-23,6542301","-46,7938684",VALIDADO,"R. Jaçanã, 138 - Jardim Fabiana, Embu das Artes - SP, 06820-020, Brasil"
CONV-03,AVE MARIA,"AVENIDA ESCO, 751 - JARDIM MAGALI - CEP: 06833-085",Jardim Magali,"-23,654968","-46,8424656",VALIDADO,"Av. Esco, 751 - Jardim Magali, Embu das Artes - SP, 06833-080, Brasil"
CONV-04,BETEL,"RUA ILHA COMPRIDA, 201 - JARDIM DAS OLIVEIRAS - CEP: 06817-180",Jardim Das Oliveiras,"-23,6239187","-46,8124013",VALIDADO,"R. Ilha Comprida, 201 - Jardim dos Oliveiras, Embu das Artes - SP, 06817-180, Brasil"
CONV-05,BOSQUINHO,"AVENIDA ROTARY, 2299 - PARQUE LUIZA - CEP: 06810-240",Parque Luiza,"-23,6477315","-46,820119",VALIDADO,"Av. Rotary, 2299 - Parque Luiza, Embu das Artes - SP, 06816-155, Brasil"
CONV-06,CEI GABRIELA,"AVENIDA JOÃO BATISTA MEDINA, 468 - CHÁCARAS ANA LUCIA - CEP:06803-447",,"-23,6502962","-46,8584795",VALIDADO,"Av. João Batista Medina, 468 - Jardim Maranhao, Embu das Artes - SP, 06840-000, Brasil"
CONV-07,CRISTO RESSUSCITADO,"RUA ARARIBÓIA, 215 - PARQUE PIRAJUSSARA - CEP:06815-270",Parque Pirajussara,"-23,6541013","-46,8145845",VALIDADO,"R. Araribóia, 215 - Parque Pirajussara, Embu das Artes - SP, 06815-270, Brasil"
CONV-08,FLORESTAN,"RUA BRASIL, 783 - JD VALO VERDE - EMBU DAS ARTES - SP - CEP: 06813-085",Jd Valo Verde,"-23,6540837","-46,8066149",VALIDADO,"R. Brasil - Jardim Valo Verde, Embu das Artes - SP, 06813-085, Brasil"
CONV-09,PASTOR AMÉRICO,"ESTR. VELHA DE COTIA, 5152 - PARQUE SÃO LEONARDO, EMBU DAS ARTES - SP, 06845-205.",Parque São Leonardo,"-23,6330209","-46,9050066",VALIDADO,"Av. Ecologista de João de Oliveira Ramos de Sá, 5152, Embu das Artes - SP, Brasil"
CONV-10,CRECHE MILTON,"RUA BOLIVIA, 114 - JARDIM DO MORAIS - CEP: 06814-190",Jardim Do Morais,"-23,6600666","-46,8201963",VALIDADO,"R. Bolívia, 114 - Pirajussara, Embu das Artes - SP, 06814-210, Brasil"
CONV-11,ESTRELA DA MANHÃ,RUA MILÃO N° 46 - VILA REGINA - CEP: 06813-290,Vila Regina,"-23,6482556","-46,8026202",VALIDADO,"R. Milão, 46 - Chácaras Pirajussara, Embu das Artes - SP, 06813-290, Brasil"
CONV-12,ISIS CRISTINA,"RUA FRANCISCA RODRIGUES ARIANO, 127 -VL. ISIS CRISTINA - CEP: 06816-110",,"-23,649373","-46,8203245",VALIDADO,"R. Francisca Rodrigues Adriano, 127 - Vila Isis Cristina, Embu das Artes - SP, 06816-110, Brasil"
CONV-13,JD. SILVIA,"RUA PIAUÍ, 326 - JARDIM SILVIA - CEP: 06804-320",Jardim Silvia,"-23,6423473","-46,8495706",VALIDADO,"R. Piauí, 326 - Jardim Silvia, Embu das Artes - SP, 06804-320, Brasil"
CONV-14,JARDIM LOURDES,"RUA ILHA COMPRIDA, 201 - JARDIM DAS OLIVEIRAS - CEP: 06817-180",Jardim Das Oliveiras,"-23,6239187","-46,8124013",VALIDADO,"R. Ilha Comprida, 201 - Jardim dos Oliveiras, Embu das Artes - SP, 06817-180, Brasil"
CONV-15,JOSEFA RODRIGUES,"AVENIDA DO REALISMO, 155 - JARDIM VITORIA - CEP: 06826-030",Jardim Vitoria,"-23,6556547","-46,7996915",VALIDADO,"Av. do Realismo, 155 - Jardim Marina, Embu das Artes - SP, 06826-040, Brasil"
CONV-16,KOLPING,"RUA SANTO ANTONIO, 53 - JARDIM MARIA AUXILIADORA - CEP: 06843-190",Jardim Maria Auxiliadora,"-23,6590758","-46,8605887",VALIDADO,"R. Santo Antônio, 53 - Vila Maria Auxiliadora, Embu das Artes - SP, 06843-190, Brasil"
CONV-17,KOLPING RESSACA,"ESTR. DO CAPUTERA, 370 - RESSACA, ITAPECERICA DA SERRA - SP, 06887-140",,"-23,6798634","-46,8969109",VALIDADO,"Estr. do Caputera, 370 - Cotia, SP, 06887-140, Brasil"
CONV-18,MADRE TEREZA,"ESTRADA DE ITAPECERICA À CAMPO LIMPO, 202 - CEP: 06820-000",,"-23,6808516","-46,7962934",VALIDADO,"Estr. de Itapecerica - Jardim Branca Flor, Embu das Artes - SP, 05849-440, Brasil"
CONV-19,PEQ. DO PARQUE,"RUA IAPOQUE, 454 - PARQUE PIRAJUSSARA - CEP: 06815-160",Parque Pirajussara,"-23,6515925","-46,8154205",VALIDADO,"R. Oiapoque, 454 - Parque Pirajussara, Embu das Artes - SP, 06815-140, Brasil"
CONV-20,RIO PEQUENO,"ESTRADA KEIISHI MATSUMOTO, 612 - JARDIM TOMÉ - CEP: 06805-035",Jardim Tomé,"-23,6323064","-46,8515391",VALIDADO,"Estr. Keishi Matsumoto, 612 - Jardim Tome, Embu das Artes - SP, 06805-440, Brasil"
CONV-21,SANTA INÊS,"RUA GUINÉ, 51 - JARDIM SÃO LUIZ - CEP: 06816-500",Jardim São Luiz,"-23,6422011","-46,8129262",VALIDADO,"Rua Guiné, 51 - Jardim Sao Luiz, Embu das Artes - SP, 06816-500, Brasil"
CONV-22,SANTA LUZIA,"RUA JAIR AMARO DO AMARAL, 169 -JARDIM SANTA LUZIA - CEP. 06805-020",Jardim Santa Luzia,"-23,6381917","-46,8529706",VALIDADO,"Rua Jaír Amaro do Amaral, 169 - Jardim Santa Luzia, Embu das Artes - SP, 06805-020, Brasil"
CONV-23,SANTA TEREZINHA,"RUA ÁGUAS DE SÃO PEDRO, 108 - JARDIM DOM JOSÉ - CEP: 06823-590",Jardim Dom José,"-23,6756411","-46,8045145",VALIDADO,"R. Águas de São Pedro, 108 - Jardim Dom Jose, Embu das Artes - SP, 06824-105, Brasil"
DIR-01,EM JATOBÁ,AVENIDA ROTARY 3621 PARQUE LUIZA,Parque Luiza,"-23,6437277","-46,8088267",VALIDADO,"Av. Rotary, 3621 - Parque Industrial Ramos de Freitas, Embu das Artes - SP, 06816-155, Brasil"
DIR-02,EM NILZA PRESTES,RUA ANGOLA 19 JARDIM SÃO LUIZ,Jardim São Luiz,"-23,6407","-46,8143943",VALIDADO,"R. Angola, 19 - Jardim Sao Luiz, Embu das Artes - SP, 06816-540, Brasil"
DIR-03,EM REYNALDO,R. NARUMI NAKAYAMA 100 JD NOSSA SRA DE FÁTIMA,Jd Nossa Sra De Fátima,"-23,6460128","-46,8156071",VALIDADO,"R. Narumi Nakayama, 1024 - Jardim Nossa Sra. de Fatima, Embu das Artes - SP, 06816-250, Brasil"
DIR-04,EM ROSA CIRELLI,R. DAS MARGARIDAS 100 JARDIM STA BARBARA,Jardim Sta Barbara,"-23,6383345","-46,8299851",VALIDADO,"R. das Margaridas, 100 - Jardim Santa Barbara, Embu das Artes - SP, 06817-020, Brasil"
DIR-05,EM MUNDO DA CRIANÇA,ESTR. SÃO JUDAS 329 PARQUE ESPLANADA,Parque Esplanada,"-23,6271276","-46,8141321",VALIDADO,"Estr. São Judas, 329 - Parque Esplanada, Embu das Artes - SP, 06817-130, Brasil"
DIR-06,EM INÊS CARDOSO,AVENIDA JOÃO PAULO II 5225 JARDIM CASA BRANCA,Jardim Casa Branca,"-23,64794","-46,7976706",VALIDADO,"Av. João Paulo II, 5225 - Casa Branca, Embu das Artes - SP, 06810-240, Brasil"
DIR-07,EM ESTELA,R. CORSEGA 119 VILA OLINDA,Vila Olinda,"-23,6470425","-46,8044389",VALIDADO,"R. Corsega, 119 - Jardim Estela, Embu das Artes - SP, 06810-250, Brasil"
DIR-08,EM JORNALISTA,AVENIDA TERESA 537 JARDIM SANTA TEREZA,Jardim Santa Tereza,"-23,6499101","-46,8062736",VALIDADO,"Av. Teresa, 537 - Jardim Santa Tereza, Embu das Artes - SP, 06813-420, Brasil"
DIR-09,EM CINARA,R. CORSEGA 206 VILA OLINDA,Vila Olinda,"-23,647079","-46,805377",VALIDADO,"R. Corsega, 206 - Jardim Estela, Embu das Artes - SP, 06810-250, Brasil"
DIR-10,EM JOÃO ANTONIO DOS SANTOS,ESTRADA DOS MORAES 23 JARDIM SÃO MARCOS,Jardim São Marcos,"-23,6608935","-46,8186173",VALIDADO,"Estr. dos Moraes, 23 - Pirajussara, Embu das Artes - SP, 06814-200, Brasil"
DIR-11,NEI SÃO MARCOS,R. AUGUSTO A. BATISTA 367 JARDIM SÃO MARCOS,Jardim São Marcos,"-23,6602377","-46,8139689",VALIDADO,"Estr. São Luiz, 433b - Chácaras São Marcos, Embu das Artes - SP, 06814-080, Brasil"
DIR-12,EM VALDELICE AP MEDEIROS PRASS,AV. AIMARÁ – PQ. PIRAJUÇARA,,"-23,6520512","-46,8148993",VALIDADO,"Av. Aimara - Parque Pirajussara, Embu das Artes - SP, 06815-000, Brasil"
DIR-13,EM JOSÉ CARLOS,R. SÃO BERNARDO 13 JARDIM SÃO MARCOS,Jardim São Marcos,"-23,662228","-46,8145576",VALIDADO,"R. São Bernardo, 13 - Chácaras São Marcos, Embu das Artes - SP, 06814-090, Brasil"
DIR-14,EM MAURO FERREIRA,"ESTR. PROF. C. M. FILHO, 1071 EST. DE EMBUARAMA",,"-23,6389511","-46,8469316",VALIDADO,"R. Mar mediterrâneo - Estância Embuarama, Embu das Artes - SP, 06806-580, Brasil"
DIR-15,EM MELLONE,ESTRADA PROFESSOR C. M. FILHO 150,,"-23,6631831","-46,7974396",VALIDADO,"R. João Café Filho, 150 - Jardim Pres. Kennedy, Embu das Artes - SP, 06820-110, Brasil"
DIR-16,NEI TOMÉ,ESTR. KEIICHI MATSUMOTO 860 JARDIM TOMÉ,Jardim Tomé,"-23,632271","-46,8514373",VALIDADO,"Estr. Keishi Matsumoto, 860 - Jardim Tome, Embu das Artes - SP, Brasil"
DIR-17,NEI JD. DE LOURDES,R. AURORA G. CHRISTE 237 JARDIM LOURDES,Jardim Lourdes,"-23,639679","-46,8379955",VALIDADO,"Rua Aurora Gaspar Christe, 237 - Jardim de Lourdes, Embu das Artes - SP, 06806-010, Brasil"
DIR-18,EM JANAINA,R. AUSTRÁLIA 32 JARDIM MINAS,Jardim Minas,"-23,6188185","-46,8142457",VALIDADO,"Rua Australia, 32 - Jardim Mimas, Embu das Artes - SP, 06807-520, Brasil"
DIR-19,EM MURILO FERREIRA,PC. CUIABA - 32 - JARDIM VISTA ALEGRE - EMBU - SP,Jardim Vista Alegre,"-23,6269853","-46,8228085",VALIDADO,"Praça Cuiabá, 32 - Jardim Vista Alegre, Embu das Artes - SP, 06807-400, Brasil"
DIR-20,EM MARIA DAS GRAÇAS,R. AMÉLIA A. OLIVEIRA 386 JARDIM VISTA ALEGRE,Jardim Vista Alegre,"-23,6286307","-46,824165",VALIDADO,"R. Amélia dos Anjos de Oliveira, 386 - Jardim Vista Alegre, Embu das Artes - SP, 06814-115, Brasil"
DIR-21,EM CLÓVIS TENORIO APARECIDO,R. NOVA HAMBURGO 25 JARDIM VISTA ALEGRE,Jardim Vista Alegre,"-23,6321072","-46,8244986",VALIDADO,"R. Novo Hamburgo, 25 - Jardim Vista Alegre, Embu das Artes - SP, 06807-060, Brasil"
DIR-22,EM MAGALI,AVENIDA ROTARY 1051 JARDIM SÃO FRANCISCO,Jardim São Francisco,"-23,647937","-46,8342132",VALIDADO,"Av. Rotary, 1051 - Parque Industrial Ramos de Freitas, Embu das Artes - SP, 06817-450, Brasil"
DIR-23,NEI ISIS CRISTINA,R. FRANCISCO R. ADRIANO 127 VILA ISIS CRISTINA,Vila Isis Cristina,"-23,649373","-46,8203245",VALIDADO,"R. Francisca Rodrigues Adriano, 127 - Vila Isis Cristina, Embu das Artes - SP, 06816-110, Brasil"
DIR-24,NEI MAGALI,AVENIDA ESCO 751 JARDIM MAGALI,Jardim Magali,"-23,654968","-46,8424656",VALIDADO,"Av. Esco, 751 - Jardim Magali, Embu das Artes - SP, 06833-080, Brasil"
DIR-25,EM SANTO ANTONIO,EST QUINTA DO MORRO 1190 JD SANTO ANTÔNIO,Jd Santo Antônio,"-23,6713121","-46,8465388",VALIDADO,"Estr. Q.ta do Morro, 1190 - Jardim Santo Antonio, Embu das Artes - SP, 06835-520, Brasil"
DIR-26,EM IODOQUE ROSA,R. MARQUES DE POMBAL 50 ENGENHO VELHO,,"-23,6596895","-46,8629438",VALIDADO,"R. Marquês de Pombal, 50 - Vila Engenho Velho, Embu das Artes - SP, 06843-375, Brasil"
DIR-27,EM MIKIO UMEDA,ESTR. VELHA COTIA 280 ITATUBA - EMBU SP,,"-23,6424847","-46,8979024",VALIDADO,"Av. Ecologista de João de Oliveira Ramos de Sá, 280 - Chácaras Bartira, Embu das Artes - SP, 06845-410, Brasil"
DIR-28,NEI RESSACA,ESTRADA DA CAPUTERA 370 RESSACA,,"-23,6798634","-46,8969109",VALIDADO,"Estr. do Caputera, 370 - Cotia, SP, 06887-140, Brasil"
DIR-29,NEI CAPUAVA,"RUA GRANDE OTELO, 275 - CAPUAVA - EMBU - SP",,"-23,6290708","-46,8758144",VALIDADO,"R. Grande Otelo, 275 - Jardim Indaia, Embu das Artes - SP, 06846-500, Brasil"
DIR-30,EM DELPHINA,R. FIGUEIRA BRANCA 121 JARDIM SANTO EDUARDO,Jardim Santo Eduardo,"-23,6715884","-46,7990621",VALIDADO,"R. Figueira Branca, 121 - Jardim Santo Eduardo, Embu das Artes - SP, 06823-130, Brasil"
DIR-31,EM DOM JOSÉ,EST DE ITAPECERICA C.LIMPO 3133 JD. STO EDUARDO,Jd. Sto Eduardo,"-23,674233","-46,8026858",VALIDADO,"Estr. de Itapecerica Campo Limpo, 3133 - Jardim Dom Jose, Embu das Artes - SP, 06823-475, Brasil"
DIR-32,EM JEANETE BEAUCHAMP,R. OLIVEIRA 378 JARDIM SANTO EDUARDO,Jardim Santo Eduardo,"-23,6704488","-46,8010704",VALIDADO,"R. Oliveira, 378 - Jardim Santo Eduardo, Embu das Artes - SP, 06823-060, Brasil"
DIR-33,EM VILLA LOBOS,R. PEROBA 90 JARDIM BATISTA,Jardim Batista,"-23,6830924","-46,8069731",VALIDADO,"R. Peroba, 90 - Jardim Batista, Embu das Artes - SP, 06824-410, Brasil"
DIR-34,EM PAU BRASIL,RUA TATUÍ 40 JARDIM DOM JOSÉ,Jardim Dom José,"-23,6686216","-46,8048553",VALIDADO,"R. Tatuí, 40 - Jardim Dom Jose, Embu das Artes - SP, 06823-380, Brasil"
DIR-35,EM JOSSEI TODA,PRAÇA DAS OLIVEIRAS 01 JARDIM PINHEIRINHO,Jardim Pinheirinho,"-23,6788265","-46,8551873",VALIDADO,"Praça dos Oliveiras - R. Jaboticabeira, 325-365 - Jardim Pinheirinho, Embu das Artes - SP, 06835-210, Brasil"
DIR-36,NEI FRANCISCO MARCATTO,R. DOS PINHEIROS 344 JARDIM PINHEIRINHO,Jardim Pinheirinho,"-23,6797527","-46,8544542",VALIDADO,"R. dos Pinheiros, 344 - Jardim Pinheirinho, Embu das Artes - SP, 06835-240, Brasil"
DIR-37,EM MARIA ILUMINATA,RUA BORORÓS 100 JARDIM SANTA CLARA,Jardim Santa Clara,"-23,6802317","-46,8650627",VALIDADO,"R. Bororós, 100 - Vila Marajoara, Embu das Artes - SP, 06843-130, Brasil"
DIR-38,EM JACARANDA,EST DE ITAPECERICA C. LIMPO 665 JARDIM STA EMÍLIA,Jardim Sta Emília,"-23,6549619","-46,7949344",VALIDADO,"Estr. de Itapecerica Campo Limpo, 665 - Jardim Julia, Embu das Artes - SP, 06820-347, Brasil"
DIR-39,EM EDNA NUNES,RUA BUTANTAN 125 JARDIM SANTA CLARA,Jardim Santa Clara,"-23,6502028","-46,8045712",VALIDADO,"R. Butantã, 125 - Jardim Santa Tereza Novo, Embu das Artes - SP, 06813-220, Brasil"
DIR-40,EM SUELI MARIA HIPÓLITO,RUA BUTANTAN 264 JARDIM SANTA TEREZA,Jardim Santa Tereza,"-23,6492492","-46,8025099",VALIDADO,"R. Butantã, 264 - Jardim Santa Tereza, Embu das Artes - SP, 06813-220, Brasil"
DIR-41,EM SOLANGE DA SILVA VIEIRA,R. MARECHAL F. PEIXOTO 87 JD PRES KENNEDY,Jd Pres Kennedy,"-23,6603647","-46,7968006",VALIDADO,"R. Mal. Floriano Peixoto, 87 - Jardim Pres. Kennedy, Embu das Artes - SP, 06820-200, Brasil"
DIR-42,EM IPÊ,R. S. LUCAS 50 JARDIM JUREMA EMBU SP,Jardim Jurema Embu Sp,"-23,6590076","-46,8067343",VALIDADO,"R. São Lucas, 50 - Jardim Vazame, Embu das Artes - SP, 06814-310, Brasil"
DIR-43,EM VAZAME,RUA AUGUSTA A. BATISTA 152 JARDIM VAZAME,Jardim Vazame,"-23,6574256","-46,8150634",VALIDADO,"R. Augusto de Almeida Batista, 152 - Chácaras São Marcos, Embu das Artes - SP, 06814-555, Brasil"
DIR-44,NEI VALO VERDE,R. SÃO CAETANO 1104 JARDIM VALO VERDE,Jardim Valo Verde,"-23,6551177","-46,8085996",VALIDADO,"R. São Caetano, 1104 - Jardim Valo Verde, Embu das Artes - SP, 06815-300, Brasil"
DIR-45,NEI JD DA LUZ,R. PARAMBI 03 JARDIM DA LUZ,Jardim Da Luz,"-23,6711947","-46,8074725",VALIDADO,"R. Panambi, 3 - Jardim Dom Jose, Embu das Artes - SP, 06824-260, Brasil"