territorio_cras,tipo,texto
Vazame,potencialidade,Creche Josefa Rodrigues período Integral
Vazame,potencialidade,Centro de Referencia da Assistência Social – CRAS
Vazame,potencialidade,Pronto Socorro
Vazame,potencialidade,Unidade Básica de saúde – UBS
Vazame,potencialidade,Centro de especialidades
Vazame,potencialidade,Pastoral da Criança
Vazame,potencialidade,Associações
Vazame,potencialidade,Praças
Vazame,potencialidade,Campos
Vazame,potencialidade,Quadras
Vazame,potencialidade,Escolas
Vazame,potencialidade,Trabalho de voluntários da escolinha de futebol
Vazame,potencialidade,Igrejas
Vazame,potencialidade,Transporte público
Vazame,problema,Baixa oferta de vagas de berçários
Vazame,problema,Na saúde a criança não é assistida como prioridade absoluta que ela tipica ou atípicas
Vazame,problema,Ônibus inadequado e em numero insuficiente
Vazame,problema,"Pouca oferta de praças, espaços de lazer cultura, brinquedoteca, acesso a natureza com segurança"
Vazame,problema,ausência de Serviço convivência Fortalecimento de vínculos para a faixa etária
Vazame,proposta,Ampliação de Nº de vagas em Berçários
Vazame,proposta,Fiscalização pelo poder publico nas empresas privadas (Auxilio creche)
Vazame,proposta,"Aplicação do Estatuto da Criança e Adolescente – ECA, marco regulatório da primeira infância na sade para crianças tipicas e atípicas"
Vazame,proposta,Aumento da quantidade de ônibus para diminuir o tempo de espera e melhor conservação /manutenção
Vazame,proposta,Implementação do marco legal criança e natureza(projeto de Lei ) 2225/2024
Vazame,proposta,Planejamento urbano priorizando a primeira infância
Vazame,proposta,Implementar Serviço Convivência Fortalecimento de vínculos – SCFV para a faixa etária
Centro,potencialidade,creche integral ( três unidades )
Centro,potencialidade,Serviço de convivência e fortalecimento de vínculos - SCFV - Amigo Mirim - 4e5 anos Projeto em parceria com CMDCA
Centro,potencialidade,CRAS Centro
Centro,problema,Baixa oferta de vagas de berçários
Centro,problema,Na saúde a criança não é assistida como prioridade absoluta que ela tipica ou atípicas
Centro,problema,Ônibus inadequado e em numero insuficiente
Centro,problema,"Pouca oferta de praças, espaços de lazer cultura, brinquedoteca, acesso a natureza com segurança"
Centro,problema,ausência de Serviço convivência Fortalecimento de vínculos para a faixa etária
Centro,proposta,Ampliação de Nº de vagas em Berçários
Centro,proposta,Fiscalização pelo poder publico nas empresas privadas (Auxilio creche)
Centro,proposta,"Aplicação do Estatuto da Criança e Adolescente – ECA, marco regulatório da primeira infância na sade para crianças tipicas e atípicas"
Centro,proposta,Aumento da quantidade de ônibus para diminuir o tempo de espera e melhor conservação /manutenção
Centro,proposta,Implementação do marco legal criança e natureza(projeto de Lei ) 2225/2024
Centro,proposta,Planejamento urbano priorizando a primeira infância
Centro,proposta,Implementar Serviço Convivência Fortalecimento de vínculos – SCFV para a faixa etária
Vista Alegre,potencialidade,Creches em período Integral
Vista Alegre,potencialidade,As escolas são muito Boas
Vista Alegre,potencialidade,UBS's
Vista Alegre,potencialidade,ONG's
Vista Alegre,potencialidade,CRAS
Vista Alegre,potencialidade,Parquinho ao lado da UBS
Vista Alegre,potencialidade,Praça
Vista Alegre,potencialidade,Campos e quadras
Vista Alegre,potencialidade,Transporte escolar porta a porta
Vista Alegre,problema,Baixa oferta de vagas em creche integral
Vista Alegre,problema,"Baixa oferta de vagas em creche para Berçários,"
Vista Alegre,problema,Falta de vagas de serviço de convivência e fortalecimento de vínculos - SCFV ( para a Faixa etária)
Vista Alegre,problema,"Falta de especialidades médicas: Fono, Neuro, psiquiatra e psicólogos"
Vista Alegre,problema,Capacitação dos profissionais de saúde para lidar com crianças
Vista Alegre,proposta,"Construção de novos berçários / creches, com ampliação do horário para período integral com auxiliar educacional para crianças atípicas (PCD) conforme demanda e com oferta do porta a porta para as crianças dentro dos critérios"
Vista Alegre,proposta,"Criação e implantação de um sistema integrado entre as politicas setoriais para diagnosticar e identificar as vulnerabilidades do município, a fim de assegurar e garantir os direitos das crianças (0-6) em todas as politicas ( Assistência, Saúde educação etc.)"
Vista Alegre,proposta,Garantia do Serviço Convivência Fortalecimento de vínculos – SCFV para crianças de 0-6 anos em territórios de CRAS
Vista Alegre,proposta,"Elaboração de concurso publico para profissionais de saúde, garantindo o quadro mínimo de médicos em cada UBS e no Centro de especialidades"
Vista Alegre,proposta,"Contratação de profissionais concursados nas áreas de atendimento ao publico na saúde, assistência e educação com garantia de educação permanente aos servidores"
Vista Alegre,proposta,"Contratação de profissionais para desenvolver atividades esportivas e culturais nos equipamentos já existentes para a faixa etária, inclusive, para DCP"
Vista Alegre,proposta,"Implantação e manutenção de parquinhos em praças publicas, com melhoria do paisagismo"
Vista Alegre,proposta,"Garantia de acessibilidade em todo município a fim de assegurar que as crianças e PCDs consigam acessar todos os equipamentos Escolas, CRAS,UBS etc.) e vias publicas"
Vista Alegre,proposta,Garantir ronda em todos os equipamentos públicos priorizando as creches e escolas.
Vista Alegre,proposta,"Solicitação da ampliação do metro ate o município de Embu das artes, bem como ampliação de frota de transporte local"
Vista Alegre,proposta,Criação de um programa de saneamento básico para o município
Vista Alegre,proposta,Criação e implantação de brinquedotecas em todos os territórios
Fátima,potencialidade,Unidade Básica de saúde – UBS
Fátima,potencialidade,Associações
Fátima,problema,Baixa oferta de vagas em creche integral
Fátima,problema,"Baixa oferta de vagas em creche para Berçários,"
Fátima,problema,Falta de vagas de serviço de convivência e fortalecimento de vínculos - SCFV ( para a Faixa etária)
Fátima,problema,"Falta de especialidades médicas: Fono, Neuro, psiquiatra e psicólogos"
Fátima,problema,Capacitação dos profissionais de saúde para lidar com crianças
Fátima,proposta,"Construção de novos berçários / creches, com ampliação do horário para período integral com auxiliar educacional para crianças atípicas (PCD) conforme demanda e com oferta do porta a porta para as crianças dentro dos critérios"
Fátima,proposta,"Criação e implantação de um sistema integrado entre as politicas setoriais para diagnosticar e identificar as vulnerabilidades do município, a fim de assegurar e garantir os direitos das crianças (0-6) em todas as politicas ( Assistência, Saúde educação etc.)"
Fátima,proposta,Garantia do Serviço Convivência Fortalecimento de vínculos – SCFV para crianças de 0-6 anos em territórios de CRAS
Fátima,proposta,"Elaboração de concurso publico para profissionais de saúde, garantindo o quadro mínimo de médicos em cada UBS e no Centro de especialidades"
Fátima,proposta,"Contratação de profissionais concursados nas áreas de atendimento ao publico na saúde, assistência e educação com garantia de educação permanente aos servidores"
Fátima,proposta,"Contratação de profissionais para desenvolver atividades esportivas e culturais nos equipamentos já existentes para a faixa etária, inclusive, para DCP"
Fátima,proposta,"Implantação e manutenção de parquinhos em praças publicas, com melhoria do paisagismo"
Fátima,proposta,"Garantia de acessibilidade em todo município a fim de assegurar que as crianças e PCDs consigam acessar todos os equipamentos Escolas, CRAS,UBS etc.) e vias publicas"
Fátima,proposta,Garantir ronda em todos os equipamentos públicos priorizando as creches e escolas.
Fátima,proposta,"Solicitação da ampliação do metro ate o município de Embu das artes, bem como ampliação de frota de transporte local"
Fátima,proposta,Criação de um programa de saneamento básico para o município
Fátima,proposta,Criação e implantação de brinquedotecas em todos os territórios
Itatuba,potencialidade,Áreas verdes
Itatuba,potencialidade,CRAS
Itatuba,problema,Falta de Lazer
Itatuba,problema,Falta de saúde
Itatuba,problema,falta saúde
Itatuba,problema,Atenção ao meio ambiente
Itatuba,problema,Ampliação do transporte da educação
Itatuba,problema,Pouca oferta de Transporte publico
Itatuba,problema,Iluminação publica
Itatuba,problema,segurança
Itatuba,problema,Infraestrutura em geral
Itatuba,proposta,Construção de área de lazer voltados para a primeira infância
Itatuba,proposta,Contratação de especialistas por região
Itatuba,proposta,Implementação/ cobertura do programa da saúde da família
Itatuba,proposta,Atenção ao saneamento básico
Itatuba,proposta,Aumento das rotas do porta a porta
Itatuba,proposta,Aumento da frota do transporte publico
Itatuba,proposta,Melhoria da iluminação pública
Pinheirinho,potencialidade,UBS Pinheirinho
Pinheirinho,potencialidade,Praças
Pinheirinho,potencialidade,Campo / áreas verdes
Pinheirinho,potencialidade,CRAS
Pinheirinho,problema,Ampliação de vagas da Educação infantil
Pinheirinho,problema,Ampliação do transporte da educação
Pinheirinho,problema,segurança
Pinheirinho,problema,Falta de médicos especialista saúde
Pinheirinho,problema,Falta de Lazer
Pinheirinho,proposta,Novas creches período integral
Pinheirinho,proposta,Novas parcerias na educação integral
Pinheirinho,proposta,Reorganização do porta porta
Pinheirinho,proposta,Aumento da patrulha escolar ( Ronda)
Pinheirinho,proposta,base fixa da Guarda civil municipal – GCM
Pinheirinho,proposta,Contratação de especialistas por região
Pinheirinho,proposta,Construção de área de lazer voltados para a primeira infância
Santa Tereza,potencialidade,CRAS
Santa Tereza,potencialidade,Conselho Tutelar
Santa Tereza,potencialidade,UBS
Santa Tereza,potencialidade,quadra
Santa Tereza,potencialidade,Creches
Santa Tereza,potencialidade,Biblioteca Casa Branca
Santa Tereza,potencialidade,Associação de Moradores Assoc. do Wilson - Leite assoc. Begali- sacolinha Crisalida - sacolinha Assoc. Casa Branca- sacolinha e leite Asmoreje- Creche e sócio educativo Nova República Mulheres do Embu Aventureiros - Igreja Adventista
Santa Tereza,problema,Falta brinquedoteca no no parque
Santa Tereza,problema,Falta de vaga em berçários e creches creches em período integral
Santa Tereza,problema,Falta de profissionais de saúde especialistas voltados ao atendimento de crianças de 0 a 6 anos
Santa Tereza,problema,Segurança
Santa Tereza,problema,Falta da acessibilidade
Santa Tereza,problema,Falta de pronto socorro infantil e oferta de medicamento dentro do PS
Santa Tereza,problema,Transporte publico e acessibilidade no transporte
Santa Tereza,problema,escassez de áreas de lazer
Santa Tereza,problema,Ausência do Pronto socorro infantil
Santa Tereza,problema,Falta de especialistas da saúde
Santa Tereza,problema,falta de segurança
Santa Tereza,problema,ausência de acessibilidade
Santa Tereza,problema,falta de equipamento inferior à demanda
Santa Tereza,proposta,Construção de área de lazer voltados para a primeira infância para atender a demanda da população
Santa Tereza,proposta,Ampliação de vaga de berçário e creche de parcerias entre o poder publico e o terceiro setor e setor privado
Santa Tereza,proposta,Zeladoria para os serviços públicos
Santa Tereza,proposta,Construção de escolas e ampliação das existentes e contratação de professor e auxiliar de sala com formação
Santa Tereza,proposta,Contratação desses profissionais via concurso garantido piso salarial da categoria
Santa Tereza,proposta,"Segurança publica com rondas efetivas em torno de praças, parques, escolas e adjacentes"
Santa Tereza,proposta,"construção de rampas, semafaros inteligentes, faixa tátil e elevadores nos equipamentos públicos"
Santa Tereza,proposta,contratação de interprete de libras ou disponibilizar o curso aos servidores
Santa Tereza,proposta,Construção do Pronto Socorro infantil e implementação da farmácia vinte e quatro horas
Santa Tereza,proposta,"Ampliação da frota , criação de linhas de veículos adaptados e conservação / manutenção"
São Marcos,potencialidade,Pracinhas
São Marcos,potencialidade,Shopping
São Marcos,potencialidade,Terminal de ônibus
São Marcos,potencialidade,Escolas municipais
São Marcos,potencialidade,CRAS
São Marcos,potencialidade,Delegacia
São Marcos,potencialidade,"Comercio Local - Farmácia, academia, mercado etc."
São Marcos,problema,Falta brinquedoteca no no parque
São Marcos,problema,Falta de vaga em berçários e creches creches em período integral
São Marcos,problema,Falta de profissionais de saúde especialistas voltados ao atendimento de crianças de 0 a 6 anos
São Marcos,problema,Segurança
São Marcos,problema,Falta da acessibilidade
São Marcos,problema,Falta de pronto socorro infantil e oferta de medicamento dentro do PS
São Marcos,problema,Transporte publico e acessibilidade no transporte
São Marcos,problema,escassez de áreas de lazer
São Marcos,problema,Ausência do Pronto socorro infantil
São Marcos,problema,Falta de especialistas da saúde
São Marcos,problema,falta de segurança
São Marcos,problema,ausência de acessibilidade
São Marcos,problema,falta de equipamento inferior à demanda
São Marcos,proposta,Construção de área de lazer voltados para a primeira infância para atender a demanda da população
São Marcos,proposta,Ampliação de vaga de berçário e creche de parcerias entre o poder publico e o terceiro setor e setor privado
São Marcos,proposta,Zeladoria para os serviços públicos
São Marcos,proposta,Construção de escolas e ampliação das existentes e contratação de professor e auxiliar de sala com formação
São Marcos,proposta,Contratação desses profissionais via concurso garantido piso salarial da categoria
São Marcos,proposta,"Segurança publica com rondas efetivas em torno de praças, parques, escolas e adjacentes"
São Marcos,proposta,"construção de rampas, semafaros inteligentes, faixa tátil e elevadores nos equipamentos públicos"
São Marcos,proposta,contratação de interprete de libras ou disponibilizar o curso aos servidores
São Marcos,proposta,Construção do Pronto Socorro infantil e implementação da farmácia vinte e quatro horas
São Marcos,proposta,"Ampliação da frota , criação de linhas de veículos adaptados e conservação / manutenção"
Colégio,potencialidade,"CÉU Parquinho, Cursos e espaço Kids"
Colégio,potencialidade,"Praças > Praça da Juventude,"
Colégio,potencialidade,Associação dos Morais e Organizações sociais
Colégio,potencialidade,Campo do Ísis Cristina
Colégio,potencialidade,Creches
Colégio,potencialidade,Biblioteca
Colégio,potencialidade,CBS
Colégio,potencialidade,Ass. São Marcos
Colégio,potencialidade,Igreja Católica – Mova
Colégio,potencialidade,Arte Marciais - “ Nossa Cara”
Colégio,potencialidade,Projeto Enfrente
Colégio,potencialidade,CRAS – Colégio
Colégio,proposta,ampliação de vagas em período integral
Colégio,proposta,Implantação de UTI Infantil
Colégio,proposta,Unidade Básica Saúde – UBS com pediatra
Colégio,proposta,"Melhoria da Infraestrutura : calçadas, iluminação e faixas de pedestres"
Colégio,proposta,Acessibilidade
Dom José,potencialidade,parquinho
Dom José,potencialidade,berçário integral
Dom José,potencialidade,creche integral
Dom José,potencialidade,quadra
Dom José,proposta,Construção de creches no território do Jd. Batista em período integral com berçário e auxiliar de PCD
Dom José,proposta,Ampliação de vagas em período integral em locais já existentes
Dom José,proposta,"Contratação de profissionais de saúde que contemplem as crianças de 0 a6 anos com ou deficiência : Pediatra, neurologista,fonoaudióloga Psicólogos, Terapeutas ocupacionais e psiquiatras"
Dom José,proposta,"Investimentos em infra estruturas, manutenção e acessibilidade em espaços públicos voltados à primeira infância: parquinhos, praças, brinquedoteca e bibliotecas"
Dom José,proposta,Contratação de profissionais especializados em atendimento ás crianças atípica/PCD para creches conveniadas e diretas e auxiliares
Dom José,proposta,Nas praças e parquinho fazer a manutenção dos brinquedos e ampliação com novos brinquedos
Dom José,proposta,"contratação de profissionais especialistas Pediatra, neurologista, fono, Psico"
Dom José,proposta,Oferta de Serviço de Convivência fortalecimento de Vínculos – ECFV
Dom José,proposta,Buscar recursos nas esferas competentes para a construção de creches e UTI infantil
Dom José,proposta,Implantação de brinquedoteca
Dom José,proposta,Implantação de biblioteca
